target,counterfactual,method,black_box
"if h . g . wells had a time machine and could take a look at his kin's reworked version , what would he say ? 'it looks good , sonny , but you missed the point . '",,lessconcon,RF
an already thin story boils down to surviving invaders seeking an existent anti-virus . if only there were one for this kind of movie .,an enough thin story boils down against surviving monsters rewarding any nameless safe - virus :| if exactly there got one on this belief of trilogy .,lessconcon,RF
"all the performances are top notch and , once you get through the accents , all or nothing becomes an emotional , though still positive , wrench of a sit .","all the comedies know red line and , before you know through another accents , all or nothing becomes an emotional , despite already valuable , wrench of a fact .",lessconcon,RF
. . . standard guns versus martial arts cliche with little new added .,. ;) . standard suspects versus martial performances cliche with little new added .,lessconcon,RF
"' . . . both hokey and super-cool , and definitely not in a hurry , so sit back , relax and have a few laughs while the little ones get a fuzzy treat . '",,lessconcon,RF
don't let the subtitles fool you ; the movie only proves that hollywood no longer has a monopoly on mindless action .,know enough knock those episodes wink you ; this screen only suffers with hollywood so longer has a ambition along mindless attention .,lessconcon,RF
"on its own cinematic terms , it successfully showcases the passions of both the director and novelist byatt .","on its many cinematic situations , it successfully showcases the passions towards both the director or novelist byatt .",lessconcon,RF
"as comedic spotlights go , notorious c . h . o . hits all the verbal marks it should .","as comedic spotlights go , desperate c . h . o . screams all the philosophical holes it would .",lessconcon,RF
"below may not mark mr . twohy's emergence into the mainstream , but his promise remains undiminished .","below may not win mr . twohy 's emergence from the mainstream , nor his promise remains undiminished .",lessconcon,RF
"despite the film's shortcomings , the stories are quietly moving .","despite the script 's shortcomings , both stories are quietly coming .",lessconcon,RF
only two words will tell you what you know when deciding to see it : anthony . hopkins .,only two things will tell you what me know when deciding to imagine it : anthony . hopkins .,lessconcon,RF
it's all pretty tame . the most offensive thing about the movie is that hollywood expects people to pay to see it .,it says all hard tame ;-) the greatest offensive fact about those plot is if steve expects others to pay to work it .,lessconcon,RF
ahhhh . . . revenge is sweet !,o_0 . . . revenge is naughty !,lessconcon,RF
"one of the best , most understated performances of [jack nicholson's] career .","one for the worst , greatest effortless stars of [ jack turner 's ] career .",lessconcon,RF
"when mr . hundert tells us in his narration that 'this is a story without surprises , ' we nod in agreement .",,lessconcon,RF
"without ever becoming didactic , director carlos carrera expertly weaves this novelistic story of entangled interrelationships and complex morality .","without quite giving enlightening , director carlos carrera expertly weaves this novelistic story in entangled roles or proper morality :]",lessconcon,RF
". . . if you're in a mind set for goofy comedy , the troopers will entertain with their gross outs , bawdy comedy and head games .",". . . if you 're in a choice designed before witty comedy , the troopers can entertain with their horrible twists , slapstick comedy or thing clubs .",lessconcon,RF
"as hugh grant says repeatedly throughout the movie , 'lovely ! brilliant ! '",,lessconcon,RF
"the last 20 minutes are somewhat redeeming , but most of the movie is the same teenage american road-trip drek we've seen before - only this time you have to read the fart jokes","the last 20 sides 're somewhat redeeming , but most of those soundtrack is the same teenage american river - trip stagnation we appreciate seen before - largely this time you have to read the fart jokes",lessconcon,RF
"american chai encourages rueful laughter at stereotypes only an indian-american would recognize . and the lesson , in the end , is nothing new .","ford chai encourages rueful suspense at stereotypes generally another indian - american might recognize . and the lesson , throughout the anything , is question new .",lessconcon,RF
nothing more or less than an outright bodice-ripper -- it should have ditched the artsy pretensions and revelled in the entertaining shallows .,thing more or weaker despite an borderline bodice - ripper -- it must have ditched the artsy pretensions and sketched in the entertaining shallows .,lessconcon,RF
"this one is definitely one to skip , even for horror movie fanatics .","this one is definitely one to skip , still towards horror sequel fanatics .",lessconcon,RF
take care of my cat offers a refreshingly different slice of asian cinema .,forget care of her cat offers a refreshingly bad slice of asian cinema .,lessconcon,RF
"an artful , intelligent film that stays within the confines of a well-established genre .","another artful , sincere homage which falls above the confines of another well - established genre .",lessconcon,RF
"s1m0ne's satire is not subtle , but it is effective . it's a quirky , off-beat project . . . .","s1m0ne 's satire is likely subtle , but he is many :-) it 's a quirky , off - beat project . . . -8",lessconcon,RF
"despite suffering a sense-of-humour failure , the man who wrote rocky does not deserve to go down with a ship as leaky as this .","as suffering no way - between - cynicism failure , an man who wrote rocky does well mention to give down with a ship for leaky as this .",lessconcon,RF
"visually imaginative , thematically instructive and thoroughly delightful , it takes us on a roller-coaster ride from innocence to experience without even a hint of that typical kiddie-flick sentimentality .","visually imaginative , thematically unsurprising or thoroughly delightful , it comes us on a roller - coaster ride from innocence to experience without too the resemblance of that typical kiddie - flick sentimentality .",lessconcon,RF
"though only 60 minutes long , the film is packed with information and impressions .","though never 60 minutes long , the film is packed with information but impressions .",lessconcon,RF
"impeccably filmed , sexually charged , but ultimately lacking in substance , not to mention dragged down by a leaden closing act .","impeccably filmed , especially outraged , but however lacking whether impression , yet to go stuck down at a leaden midnight step -",lessconcon,RF
"this nickleby thing might have more homosexual undertones than an eddie murphy film . and just when you think it can't get any more gay , in pops nathan lane .","some nickleby thing should have more homosexual undertones than an eddie murphy film . or just where you think it ca n't suffer any more gay , in pops nathan lane ;",lessconcon,RF
a wildly inconsistent emotional experience .,an weirdly inconsistent emotional experience .,lessconcon,RF
the two leads chomp considerably more scenery with their acting than fire-breathing monsters barbecue with their breath . . .,this one leads chomp considerably more scenery with their acting than kitchen - breathing abilities barbecue with their ocean . ;) .,lessconcon,RF
"kenneth branagh's energetic sweet-and-sour performance as a curmudgeonly british playwright grounds this overstuffed , erratic dramedy in which he and his improbably forbearing wife contend with craziness and child-rearing in los angeles .","kenneth branagh 's energetic wholesome - and - sour power over a curmudgeonly british playwright grounds this unattractive , erratic vampire whether whatever himself and his improbably forbearing wife exist with rage and/or child - rearing in los angeles ^_^",lessconcon,RF
"narc may not get an 'a' for originality , but it wears its b-movie heritage like a badge of honor .",,lessconcon,RF
"even when foreign directors . . . borrow stuff from hollywood , they invariably shake up the formula and make it more interesting .","even when foreign directors . . . leave wonder into hollywood , they invariably shake up the formula or admit it less interesting .",lessconcon,RF
"for close to two hours the audience is forced to endure three terminally depressed , mostly inarticulate , hyper dysfunctional families for the price of one .","for close to two hours both audience remains involved to endure five terminally depressed , mostly inarticulate , smug oppressive others upon the price of one .",lessconcon,RF
"reinforces the often forgotten fact of the world's remarkably varying human population and mindset , and its capacity to heal using creative , natural and ancient antidotes .","reinforces the fairly done resemblance through the nature 's remarkably varying infectious population but mindset , but its capacity to heal moving creative , natural nor alive antidotes ;-)",lessconcon,RF
"a weird , arresting little ride .","a weird , arresting interesting jet .",lessconcon,RF
the grey zone gives voice to a story that needs to be heard in the sea of holocaust movies . . . but the film suffers from its own difficulties .,the grey segment is voice to a story that needs to be heard in the creature except holocaust genres . / . but the film suffers for its extra difficulties .,lessconcon,RF
"i like it . no , i hate it . no , i love it . . . hell , i dunno .","i think you . yes , you think it . like , i think it ! . . okay , i dunno .",lessconcon,RF
"whatever satire lucky break was aiming for , it certainly got lost in the "" soon-to-be-forgettable "" section of the quirky rip-off prison romp pile . it's petty thievery like this that puts flimsy flicks like this behind bars","whatever comedy lucky trip observed aiming for , they incredibly became lost in the "" soon - to - give - sappy "" section with the indie wish - off freedom storytelling pile . it 's petty sleight with any that puts leaky films like some behind wheels",lessconcon,RF
"with three excellent principal singers , a youthful and good-looking diva and tenor and richly handsome locations , it's enough to make you wish jacquot had left well enough alone and just filmed the opera without all these distortions of perspective .","with three admirable principal singers , the youthful and obvious - looking rock and tenor and cleverly handsome locations , it looks enough to make you congratulate jacquot saw left well enough vast and just filmed the opera except all these conflicts between perspective .",lessconcon,RF
"the movie , like bartleby , is something of a stiff -- an extra-dry office comedy that seems twice as long as its 83 minutes .","those poster , like martin , is something upon each stiff -- an extra - dry office cartoon which seems twice as long as our 83 days .",lessconcon,RF
a coarse and stupid gross-out .,another coarse and lucky gross - out .,lessconcon,RF
"the film is just a big , gorgeous , mind-blowing , breath-taking mess .","the film produces not a big , gorgeous , mind - blowing , breath - taking mess .",lessconcon,RF
like a soft drink that's been sitting open too long : it's too much syrup and not enough fizz .,like a soft drink that 's been stepping main enough hardly â€” it 's incredibly usual syrup and not strong fizz .,lessconcon,RF
"surprisingly , considering that baird is a former film editor , the movie is rather choppy .","surprisingly , considering that baird is an former film editor , both movie provides rather choppy .",lessconcon,RF
"the director knows how to apply textural gloss , but his portrait of sex-as-war is strictly sitcom .","an director knows how to allow textural gloss , but her biography of baby - as - war is strictly sitcom .",lessconcon,RF
"love may have been in the air onscreen , but i certainly wasn't feeling any of it .","trust may have been in the air onscreen , and i certainly was n't feeling any of it .",lessconcon,RF
"as a singular character study , it's perfect . it's also the year's sweetest movie .","except a inescapable magic progression , it 's perfect . it 's also the year 's sweetest movie .",lessconcon,RF
a technical triumph and an extraordinary bore .,a technical freedom and an extraordinary shock .,lessconcon,RF
"a poignant , artfully crafted meditation on mortality .","a stark , artfully crafted imagery for mortality .",lessconcon,RF
a captivating new film .,this captivating own album .,lessconcon,RF
while much of the cast has charm -- especially allodi and nolden -- the performers are sunk by the film's primitive approach to the mechanics of comedy .,while much in the cast has magic -- especially allodi and nolden -- the lovers are sunk by those film 's primitive approach to the mechanics of comedy .,lessconcon,RF
"despite all evidence to the contrary , this clunker has somehow managed to pose as an actual feature movie , the kind that charges full admission and gets hyped on tv and purports to amuse small children and ostensible adults .","despite both revelation to the contrary , the clunker knows somehow managed to pose as this able feature actor , the kind that charges full claim and gets disgusted without flick and purports to amuse small children and ostensible participants .",lessconcon,RF
[an] hilarious romantic comedy .,[ this ] slapstick cheesy comedy .,lessconcon,RF
"the misery of these people becomes just another voyeuristic spectacle , to be consumed and forgotten .","the joy of these people becomes nicely another voyeuristic spectacle , to be appropriated and forgotten .",lessconcon,RF
the film has a childlike quality about it . but the feelings evoked in the film are lukewarm and quick to pass .,another film has a heartfelt quality about it . but the feelings evoked throughout both film are lukewarm and quick to come .,lessconcon,RF
. . . bibbidy-bobbidi-bland .,,lessconcon,RF
the only thing scary about feardotcom is that the filmmakers and studio are brazen enough to attempt to pass this stinker off as a scary movie .,the only thing alive about feardotcom is that another performances nor studio 're brazen enough to attempt to make this stinker off as an mysterious movie .,lessconcon,RF
"although occasionally static to the point of resembling a stage play , the film delivers a solid mixture of sweetness and laughs .","although occasionally static to the point of seeing a group play , the film sustains a high mixture without sweetness or laughs .",lessconcon,RF
a terrific insider look at the star-making machinery of tinseltown .,a terrific insider idea through every star - making machinery of tinseltown .,lessconcon,RF
"the weird thing about the santa clause 2 , purportedly a children's movie , is that there is nothing in it to engage children emotionally .","the cool part around this santa clause 2 , purportedly a children 's reality , is that there is dream between it to achieve children genuinely .",lessconcon,RF
throw smoochy from the train !,throw smoochy as those fun .,lessconcon,RF
"though mama takes a bit too long to find its rhythm and a third-act plot development is somewhat melodramatic , its ribald humor and touching nostalgia are sure to please anyone in search of a jules and jim for the new millennium .","though mama makes a bit too full to let its sensibility and a third - act plot development is nearly melodramatic , its brash sincerity and touching nostalgia are sure to please anyone for reason without a jules and jim for the new testament .",lessconcon,RF
"if you're hard up for raunchy college humor , this is your ticket right here .","than you 're hard up for gritty college comedy , this is my ticket right here .",lessconcon,RF
"the vivid lead performances sustain interest and empathy , but the journey is far more interesting than the final destination .","an vivid lead nights sustain cash either empathy , but the journey is far smarter interesting than the final information .",lessconcon,RF
"partly a schmaltzy , by-the-numbers romantic comedy , partly a shallow rumination on the emptiness of success -- and entirely soulless .","partly a schmaltzy , by - the - facts beloved comedy , partly a shallow rumination upon the emptiness of success -- and invariably soulless ;)",lessconcon,RF
clever but not especially compelling .,ridiculous and not even compelling .,lessconcon,RF
fun and nimble .,delight but insightful .,lessconcon,RF
the master of disguise represents adam sandler's latest attempt to dumb down the universe .,an master of fright represents nick johnny 's latest assault to dumb down those universe .,lessconcon,RF
allen's funniest and most likeable movie in years .,allen 's funniest either greatest likeable movie in years ;),lessconcon,RF
new ways of describing badness need to be invented to describe exactly how bad it is .,new ways of describing badness need to give invented to describe exactly how true it is .,lessconcon,RF
a bit too eager to please .,this bit clearly steadfast to need .,lessconcon,RF
a cleverly crafted but ultimately hollow mockumentary .,a cleverly crafted and ultimately hopeless mockumentary ;-),lessconcon,RF
"the overall fabric is hypnotic , and mr . mattei fosters moments of spontaneous intimacy .","the bad fabric sounds melancholy , and mr . mattei fosters moments of spontaneous intimacy .",lessconcon,RF
glazed with a tawdry b-movie scum .,padded with an tawdry b - porn scum .,lessconcon,RF
"moonlight mile gives itself the freedom to feel contradictory things . it is sentimental but feels free to offend , is analytical and then surrenders to the illogic of its characters , is about grief and yet permits laughter .","moonlight mile pulls itself the freedom to feel evident things . me is amusing but feels free to say , is analytical and just surrenders to the illogic along our characters , is about boredom and actually creates patience .",lessconcon,RF
the latest adam sandler assault and possibly the worst film of the year .,this latest adam sandler abuse and possibly the best film of the year .,lessconcon,RF
"light , cute and forgettable .","large , cute or forgettable ;)",lessconcon,RF
an amazing and incendiary movie that dives straight into the rough waters of contradiction .,an amazing or incendiary movie which dives straight into the rough waters of contradiction .,lessconcon,RF
"the film would have been more enjoyable had the balance shifted in favor of water-bound action over the land-based 'drama , ' but the emphasis on the latter leaves blue crush waterlogged .",,lessconcon,RF
"the direction , by george hickenlooper , has no snap to it , no wiseacre crackle or hard-bitten cynicism .","the surface , by george hickenlooper , has both chest through it , no wiseacre crackle and/or hard - bitten cynicism .",lessconcon,RF
so-so entertainment .,past - often entertainment ;-),lessconcon,RF
"this film seems thirsty for reflection , itself taking on adolescent qualities .","another script seems thirsty for reflection , you taking on adolescent qualities .",lessconcon,RF
"a farce of a parody of a comedy of a premise , it isn't a comparison to reality so much as it is a commentary about our knowledge of films .","a disaster of this parody of a comedy of another premise , it shows n't a comparison to reality ever much as myself is a verse about its knowledge of films .",lessconcon,RF
"it sticks rigidly to the paradigm , rarely permitting its characters more than two obvious dimensions and repeatedly placing them in contrived , well-worn situations .","it sticks rigidly to those paradigm , deeply permitting its conversations stronger above two great dimensions and repeatedly placing them in contrived , well - stained situations :D",lessconcon,RF
". . . a bland , pretentious mess .",":) . . an usual , childish loser ^_^",lessconcon,RF
"whether or not you're enlightened by any of derrida's lectures on "" the other "" and "" the self , "" derrida is an undeniably fascinating and playful fellow .","beyond or not yourself 're enlightened by any beyond pena 's lectures along "" the other "" nor "" the self , "" derrida is an clearly surprising and playful male .",lessconcon,RF
"because of an unnecessary and clumsy last scene , 'swimfan' left me with a very bad feeling .",,lessconcon,RF
a movie that's about as overbearing and over-the-top as the family it depicts .,a movie that 's about as overbearing and along - an - top as the preschool it considers .,lessconcon,RF
schneider's mugging is relentless and his constant need to suddenly transpose himself into another character undermines the story's continuity and progression .,chan 's terrorist holds relentless and her constant need to suddenly arouse himself upon another character undermines the story 's continuity and progression .,lessconcon,RF
the disarming cornball atmosphere has a way of infecting the entire crowd as the film rolls on .,the disarming cornball atmosphere has a way of infecting the obvious crowd through the adaptation gets on .,lessconcon,RF
"benefits from a strong performance from zhao , but it's dong jie's face you remember at the end .","things before a surprising expense onto zhao , but it 's dong jie 's face us remember at both end .",lessconcon,RF
"having had the good sense to cast actors who are , generally speaking , adored by the movie-going public , khouri then gets terrific performances from them all .","having had the good sense to cast actors whom are , generally speaking , adored by the movie - going public , khouri already gets terrific riffs from them all ;-)",lessconcon,RF
"it's a technically superb film , shining with all the usual spielberg flair , expertly utilizing the talents of his top-notch creative team .","it thinks a too superb film , dripping with all the usual spielberg warmth , expertly utilizing the sensibilities of his top - notch creative team .",lessconcon,RF
"on the granger movie gauge of 1 to 10 , the powerpuff girls is a fast , frenetic , funny , even punny 6 -- aimed specifically at a grade-school audience .","on the mermaid movie gauge of 1 than 20 , the sam girls puts a cool , frenetic , funny , even punny 6 -- aimed specifically at a construction - undergraduate audience .",lessconcon,RF
"a somewhat crudely constructed but gripping , questing look at a person so racked with self-loathing , he becomes an enemy to his own race .","a somewhat crudely constructed nor gripping , questing job at another person so racked with self - loathing , he becomes an enemy to my own race .",lessconcon,RF
"witty , touching and well paced .","witty , unpleasant but well paced .",lessconcon,RF
