,target instance,closest counterfactual,closest_counterfactual \stopword,closest_true_instance,vectorizer,text_method,model_name,dataset_name,runtime,not find,closest_similaritys,distance cf target,distance counterfactual target instance lev,distance counterfactual target instance bert,distance counterfactual closest_true_instance lev,distance counterfactual closest_true_instance bert
0,Sunshine Quiz Wkly Q! Win a top Sony DVD player if u know which country the Algarve is in? Txt ansr to 82277. aPS1.50 SP:Tyrone,Michael England Wkly Q ! Face another strong Sony DVD player against rest ' whatever way both Algarve makes into ? CD ansr while 82277 . aPS1.50 SP : Tyrone,michael england wkly q face strong sony dvd player rest way algarve make cd ansr 82277 aps1.50 sp tyrone,important customer service announcement freephone 0800 542 0825,CountVectorizer,growing_language,MLPClassifier,spam,145.9592363834381,0,0.3439693026852797,0.9498301550481622,23,0.5976705551147461,30.0,0.0588693581521511
1,URGENT! We are trying to contact U. Todays draw shows that you have won a aPS800 prize GUARANTEED. Call 09050001808 from land line. Claim M95. Valid12hrs only,Public ! We are trying to obtain U. Todays draw stops that you have shut a aPS800 prize Made :) Consider 09050001808 from land bit . Confirm M95 . Valid12hrs only,public try obtain u. today draw stop shut aps800 prize consider 09050001808 land bit confirm m95 valid12hrs,fancy shag do.intereste sextextuk.com txt xxuk suzy 69876 txts cost 1.50 msg tnc website x,CountVectorizer,growing_language,MLPClassifier,spam,147.9560146331787,1,0.3650001169942737,0.9730897217289924,13,0.8739049434661865,31.0,0.2858674526214599
2,GENT! We are trying to contact you. Last weekends draw shows that you won a aPS1000 prize GUARANTEED. Call 09064012160. Claim Code K52. Valid 12hrs only. 150ppm,GENT =) Me worry checking to contact you . Great weekends appreciate shows that them got each aPS1000 treasure GUARANTEED -- Call 09064012160 . Claim Code K52 .... Public 12hrs only . 150ppm,gent =) worry check contact great weekend appreciate show get aps1000 treasure guarantee 09064012160 claim code k52 public 12hrs 150ppm,4 costa del sol holiday aps5000 await collection 09050090044 toclaim sae tcs pobox334 stockport sk38xh costaps1.50 pm max10min,CountVectorizer,growing_language,MLPClassifier,spam,139.60295486450195,2,0.3813355335323723,0.967508895877632,22,0.7763866186141968,33.0,0.4111463725566864
3,important information 4 orange user . today is your lucky day!2find out why log onto http://www.urawinner.com THERE'S A FANTASTIC SURPRISE AWAITING YOU!,important information 4 orange user . way benefits his wrong day!2find out where ms of http://www.urawinner.com THERE 'S Some FANTASTIC SURPRISE AWAITING YOU :),important information 4 orange user way benefit wrong day!2find ms http://www.urawinner.com fantastic surprise await,hot live fantasy 08707509020 20p min ntt ltd po box 1327 croydon cr9 5wb 0870 national rate,CountVectorizer,growing_language,MLPClassifier,spam,183.13159322738647,3,0.3507003464984383,0.9696504656000288,12,0.8271057605743408,24.0,0.1914139091968536
4,Congratulations ur awarded 500 of CD vouchers or 125gift guaranteed & Free entry 2 100 wkly draw txt MUSIC to 87066,People da awarded 60 before CD vouchers either 125gift set BUT Free status 2 100 wkly draw i.e MUSIC before 87066,people da award 60 cd voucher 125gift set free status 2 100 wkly draw i.e music 87066,eerie nokia tone 4u rply tone title 8007 eg tone dracula 8007 title ghost addamsfa munster exorcist twilight www.getzed.co.uk pobox36504w45wq 150p,CountVectorizer,growing_language,MLPClassifier,spam,155.8822889328003,3,0.3785222497305259,0.9133307172677012,10,0.8208049535751343,21.0,0.1870428472757339
5,You have an important customer service announcement. Call FREEPHONE 0800 542 0825 now!,Him have a important demand day announcement :) Know FREEPHONE 46 542 0825 now !,important demand day announcement know freephone 46 542 0825,eerie nokia tone 4u rply tone title 8007 eg tone dracula 8007 title ghost addamsfa munster exorcist twilight www.getzed.co.uk pobox36504w45wq 150p,CountVectorizer,growing_language,MLPClassifier,spam,126.31781721115112,11,0.3034608310971596,0.8680174621662996,10,0.71368408203125,21.0,0.2389249056577682
6,What do U want for Xmas? How about 100 free text messages & a new video phone with half price line rental? Call free now on 0800 0721072 to find out more!,What do U leave without Xmas ? How about 145 free icon messages & a small toy phone with own fact line rental ? Be free now on 0800 0721072 to find out more !,u leave xma 145 free icon message small toy phone fact line rental free 0800 0721072 find,4 costa del sol holiday aps5000 await collection 09050090044 toclaim sae tcs pobox334 stockport sk38xh costaps1.50 pm max10min,CountVectorizer,growing_language,MLPClassifier,spam,284.4233331680298,11,0.3866293429337461,0.984652821656024,15,0.7094496488571167,35.0,0.3489619493484497
7,Last chance 2 claim ur aPS150 worth of discount vouchers-Text YES to 85023 now!SavaMob-member offers mobile T Cs 08717898035. aPS3.00 Sub. 16 . Remove txt X or STOP,Good weekend ONE question ur aPS150 value through discount employees - Delay Oooh to 85023 now!SavaMob - team offers corporate T C++ 08717898035 -- aPS3.00 Sub ? 15 . START k Lot or Try,good weekend question ur aps150 value discount employee delay oooh 85023 now!savamob team offer corporate t c++ 08717898035 aps3.00 sub 15 start k lot try,eerie nokia tone 4u rply tone title 8007 eg tone dracula 8007 title ghost addamsfa munster exorcist twilight www.getzed.co.uk pobox36504w45wq 150p,CountVectorizer,growing_language,MLPClassifier,spam,245.9659643173217,11,0.3517829697694438,0.9261369308141708,24,0.7168790698051453,34.0,0.1353219002485275
8,I don't know u and u don't know me. Send CHAT to 86688 now and let's find each other! Only 150p/Msg rcvd. HG/Suite342/2Lands/Row/W1J6HL LDN. 18 years or over.,I bother n't know anything but lovin do almost know me . Send Information to 86688 now and wait it deal each other ! Only x. / Msg rcvd . HG / Suite342/2Lands / Row / W1J6HL LDN . 18 ways or over .,bother know lovin know send information 86688 wait deal x. msg rcvd hg suite342/2lands row w1j6hl ldn 18 way,4 costa del sol holiday aps5000 await collection 09050090044 toclaim sae tcs pobox334 stockport sk38xh costaps1.50 pm max10min,CountVectorizer,growing_language,MLPClassifier,spam,263.4876823425293,11,0.3580194514940575,0.9877484469573352,32,0.7370638847351074,44.0,0.2611716389656067
9,todays vodafone numbers ending with 0089(my last four digits) are selected to received a aPS350 award. If your number matches please call 09063442151 to claim your aPS350 award,todays vodafone documents ending with 0089(my last four digits ) are turned to received this aPS350 award . If your attention matches yes try 09063442151 to know my aPS350 award,todays vodafone document end 0089(my digit turn receive aps350 award attention match yes try 09063442151 know aps350 award,4 costa del sol holiday aps5000 await collection 09050090044 toclaim sae tcs pobox334 stockport sk38xh costaps1.50 pm max10min,CountVectorizer,growing_language,MLPClassifier,spam,205.257337808609,11,0.3339562780744872,0.9640988132548388,12,0.9314079284667969,30.0,0.3566355407238006
10,"Will u meet ur dream partner soon? Is ur career off 2 a flyng start? 2 find out free, txt HORO followed by ur star sign, e. g. HORO ARIES","Will u meet my dream partner again ? Is ur career off 46 a flyng start ? 2 find out free , txt HORO done by ur star sign , pa g. HORO ARIES",u meet dream partner ur career 46 flyng start 2 find free txt horo ur star sign pa g. horo arie,important customer service announcement freephone 0800 542 0825,CountVectorizer,growing_language,MLPClassifier,spam,228.35670852661133,14,0.4030548910397037,0.9910963848738952,12,0.9591141939163208,34.0,0.0832960829138755
11,U have a secret admirer who is looking 2 make contact with U-find out who they R*reveal who thinks UR so special-call on 09058094594,U have a silly admirer what is looking 2 make contact over U - find off who they R*reveal what thinks UR really special - call on 09058094594,u silly admirer look 2 contact u find r*reveal think ur special 09058094594,4 costa del sol holiday aps5000 await collection 09050090044 toclaim sae tcs pobox334 stockport sk38xh costaps1.50 pm max10min,CountVectorizer,growing_language,MLPClassifier,spam,188.0035939216613,14,0.3567510642809878,0.9861016545394676,12,0.9224323630332947,28.0,0.248402401804924
12,"Good evening Sir, Al Salam Wahleykkum.sharing a happy news.By the grace of God, i got an offer from Tayseer,TISSCO and i joined.Hope you are fine.Inshah Allah,meet you sometime.Rakhesh,visitor from India.","Real time Sir , December Salam Wahleykkum.sharing this beautiful news . AS the grace within Dun , i did an everyone from Tayseer , TISSCO and yours learned =) HAVE you are fancy . Inshah Allah , enjoy we altogether :-) Rakhesh , area after U.S. ...",real time sir december salam wahleykkum.share beautiful news grace dun tayseer tissco learn =) fancy inshah allah enjoy altogether rakhesh area u.s,,CountVectorizer,growing_language,MLPClassifier,spam,345.88417410850525,16,0.0,0.9751192269435456,37,0.7652477025985718,,
13,WIN a aPS200 Shopping spree every WEEK Starting NOW. 2 play text STORE to 88039. SkilGme. TsCs08714740323 1Winawk! age16 aPS1.50perweeksub.,Try every aPS200 Shopping spree every Job Starting NOW :-) 2 home character STORE to 88039 . SkilGme . TsCs08714740323 1Winawk ! age16 aPS1.50perweeksub ?,try aps200 shopping spree job start 2 home character store 88039 skilgme tscs08714740323 1winawk age16 aps1.50perweeksub,eerie nokia tone 4u rply tone title 8007 eg tone dracula 8007 title ghost addamsfa munster exorcist twilight www.getzed.co.uk pobox36504w45wq 150p,CountVectorizer,growing_language,MLPClassifier,spam,136.99870133399963,16,0.345518535524462,0.9583046711781328,15,0.8384324312210083,25.0,-0.0463937781751155
14,"Thanks for your ringtone order, reference number X29. Your mobile will be charged 4.50. Should your tone not arrive please call customer services 09065989180","Thanks for your rock order , reference number X29 . MY mobile will be arrested 4.50 . Should your something not arrive please urge security services 09065989180",thank rock order reference number x29 mobile arrest 4.50 arrive urge security service 09065989180,eerie nokia tone 4u rply tone title 8007 eg tone dracula 8007 title ghost addamsfa munster exorcist twilight www.getzed.co.uk pobox36504w45wq 150p,CountVectorizer,growing_language,MLPClassifier,spam,208.90812277793884,19,0.3414903932786104,0.9698706542142764,12,0.6575899720191956,27.0,0.1897866874933242
15,UR awarded a City Break and could WIN a aPS200 Summer Shopping spree every WK. Txt STORE to 88039 . SkilGme. TsCs087147403231Winawk!Age16 aPS1.50perWKsub,UR awarded every City Break but will Burn another aPS200 Summer Shopping spree every Kevin . Wat Fox unless 88039 . SkilGme ! TsCs087147403231Winawk!Age16 aPS1.50perWKsub,ur award city break burn aps200 summer shopping spree kevin wat fox 88039 skilgme tscs087147403231winawk!age16 aps1.50perwksub,important customer service announcement freephone 0800 542 0825,CountVectorizer,growing_language,MLPClassifier,spam,160.18855690956116,19,0.3921553592463981,0.9408371532356132,12,0.7951444983482361,25.0,0.2462918162345886
16,Do you want a New Nokia 3510i colour phone DeliveredTomorrow? With 300 free minutes to any mobile + 100 free texts + Free Camcorder reply or call 08000930705,Do me seek a New Nokia 3510i dress window DeliveredTomorrow ... Before 400 soft minutes to any computer + 5 free texts + California Camcorder something or call 08000930705,seek new nokia 3510i dress window deliveredtomorrow 400 soft minute computer + 5 free text + california camcorder 08000930705,4 costa del sol holiday aps5000 await collection 09050090044 toclaim sae tcs pobox334 stockport sk38xh costaps1.50 pm max10min,CountVectorizer,growing_language,MLPClassifier,spam,221.7949104309082,19,0.4158875003429759,0.9566021702362058,13,0.6916422843933105,29.0,0.2679980099201202
17,"Had your mobile 10 mths? Update to the latest Camera/Video phones for FREE. KEEP UR SAME NUMBER, Get extra free mins/texts. Text YES for a call","Had your mobile 7 days ? Update to the latest Father / Video phones than FREE . KEEP UR SAME NUMBER , Get full free years / texts . Reader YES after a problem",mobile 7 day update late father video phone free ur number free year text reader yes problem,4 costa del sol holiday aps5000 await collection 09050090044 toclaim sae tcs pobox334 stockport sk38xh costaps1.50 pm max10min,CountVectorizer,growing_language,MLPClassifier,spam,265.11494851112366,21,0.3584960837381132,0.9769955448581396,19,0.7203751802444458,34.0,0.2161131352186203
18,Tone Club: Your subs has now expired 2 re-sub reply MONOC 4 monos or POLYC 4 polys 1 weekly @ 150p per week Txt STOP 2 stop This msg free Stream 0871212025016,Row Club : Your subs has now secured 2 re Bad sub reply MONOC 4 monos or POLYC 4 mu 4 annually @ russians across week Pa LISTEN 2 mean Any msg big Stream 0871212025016,row club sub secure 2 bad sub reply monoc 4 mono polyc 4 mu 4 annually russian week pa listen 2 mean msg big stream 0871212025016,eerie nokia tone 4u rply tone title 8007 eg tone dracula 8007 title ghost addamsfa munster exorcist twilight www.getzed.co.uk pobox36504w45wq 150p,CountVectorizer,growing_language,MLPClassifier,spam,273.3420934677124,22,0.3842228995004181,0.9380726561945716,17,0.7141673564910889,35.0,0.1566816866397857
19,Just do what ever is easier for you,Just do who ever is slower for you,slow,wylie tampa sarasota,CountVectorizer,growing_language,MLPClassifier,spam,82.9001612663269,23,-0.0374530422900005,0.9705704714461998,2,0.5697770118713379,8.0,0.0776200145483017
20,XMAS iscoming & ur awarded either aPS500 CD gift vouchers & free entry 2 r aPS100 weekly draw txt MUSIC to 87066 TnC www.Ldew.com1win150ppmx3age16subscription ,Ok iscoming & ur said either aPS500 CD home employees & complete entry 145 nothin aPS100 unlimited quick txt MUSIC to 87066 Doug www . Ldew.com1win150ppmx3age16subscription,ok iscoming ur say aps500 cd home employee complete entry 145 nothin aps100 unlimited quick txt music 87066 doug www ldew.com1win150ppmx3age16subscription,important customer service announcement freephone 0800 542 0825,CountVectorizer,growing_language,MLPClassifier,spam,190.91073274612427,25,0.4399410198597084,0.908435367174872,13,0.6276429891586304,26.0,0.356874942779541
21,PRIVATE! Your 2003 Account Statement for shows 800 un-redeemed S. I. M. points. Call 08715203652 Identifier Code: 42810 Expires 29/10/0,"PRIVATE ! My 2003 Account Statement without goes 15,000 til - redeemed S. I. M. points . Something 08715203652 Oct Feb â€“ 42810 Expires 29/10/0","private 2003 account statement go 15,000 til redeem s. i. m. point 08715203652 oct feb 42810 expire 29/10/0",eerie nokia tone 4u rply tone title 8007 eg tone dracula 8007 title ghost addamsfa munster exorcist twilight www.getzed.co.uk pobox36504w45wq 150p,CountVectorizer,growing_language,MLPClassifier,spam,198.98171162605288,25,0.3360112818835202,0.9078668707917912,15,0.8925766348838806,25.0,0.0464980900287628
22,"cmon babe, make me horny, *turn* me on! Txt me your fantasy now babe -) Im hot, sticky and need you now. All replies cost aPS1.50. 2 cancel send STOP","cmon babe , make me glad , * bring * them on ! Txt me your fantasy already babe - ) Me m hot , sticky but need yourself now ? All replies cost aPS1.50 . 2 cancel send STOP",cmon babe glad bring txt fantasy babe m hot sticky need reply cost aps1.50 2 cancel send stop,4 costa del sol holiday aps5000 await collection 09050090044 toclaim sae tcs pobox334 stockport sk38xh costaps1.50 pm max10min,CountVectorizer,growing_language,MLPClassifier,spam,256.4241437911988,25,0.3813610805827255,0.992877768095428,23,0.9481477737426758,40.0,0.3045086562633514
23,"Chinatown got porridge, claypot rice, yam cake, fishhead beehoon... Either we eat cheap den go cafe n tok or go nydc or somethin...","SP tried pound , claypot ground , rice mother , fishhead beehoon ;-) And it have fancy dec invite waitress t. ve and/or find nydc and kanye :P",sp try pound claypot ground rice mother fishhead beehoon fancy dec invite waitress t. ve and/or find nydc kanye :p,,CountVectorizer,growing_language,MLPClassifier,spam,212.42673897743225,26,0.0,0.869935932710104,25,0.5408570170402527,,
24,How is your schedule next week? I am out of town this weekend.,Why is your schedule next week ? I am out with town this weekend .,schedule week town weekend,,CountVectorizer,growing_language,MLPClassifier,spam,133.30831623077393,29,0.0,0.9952319896714548,6,0.8899862766265869,,
25,URGENT! Your Mobile number has been awarded with a aPS2000 Bonus Caller Prize. Call 09058095201 from land line. Valid 12hrs only,Good ! My Domestic type has stuck received over a aPS2000 Miss Caller Prize . Call 09058095201 from area line . Valid 12hrs literally,good domestic type stick receive aps2000 miss caller prize 09058095201 area line valid 12hrs literally,4 costa del sol holiday aps5000 await collection 09050090044 toclaim sae tcs pobox334 stockport sk38xh costaps1.50 pm max10min,CountVectorizer,growing_language,MLPClassifier,spam,191.11590003967285,29,0.349999031191207,0.9526928676051704,15,0.7752393484115601,24.0,0.4089914560317993
26,"You have been specially selected to receive a \3000 award! Call 08712402050 BEFORE the lines close. Cost 10ppm. 16+. T&Cs apply. AG Promo""","Him have stuck yet made to want a \3000 award ! Call 08712402050 BEFORE the arms need . Cost 10ppm . 16 + . T&Cs apply -3 WA Promo """,stick want \3000 award 08712402050 arm need cost 10ppm 16 + t&cs apply -3 wa promo,eerie nokia tone 4u rply tone title 8007 eg tone dracula 8007 title ghost addamsfa munster exorcist twilight www.getzed.co.uk pobox36504w45wq 150p,CountVectorizer,growing_language,MLPClassifier,spam,202.55865454673767,31,0.3668084124671337,0.9651782025948182,20,0.7105385065078735,30.0,0.2051424831151962
27,FREE for 1st week! No1 Nokia tone 4 ur mob every week just txt NOKIA to 8007 Get txting and tell ur mates www.getzed.co.uk POBox 36504 W45WQ norm150p/tone 16+,Great before minor anything .... Jus November tone 32 theirs crime the person finally na John toward 8007 KEEP wot but tell ur mates www.getzed.co.uk POBox 36504 W45WQ norm150p / regard 33 Family,great minor jus november tone 32 theirs crime person finally na john 8007 wot tell ur mate www.getzed.co.uk pobox 36504 w45wq norm150p regard 33 family,important customer service announcement freephone 0800 542 0825,CountVectorizer,growing_language,MLPClassifier,spam,220.61659741401672,31,0.3909218821526544,0.8688322437043612,24,0.41271552443504333,33.0,0.2647618353366852
28,New TEXTBUDDY Chat 2 horny guys in ur area 4 just 25p Free 2 receive Search postcode or at gaytextbuddy.com. TXT ONE name to 89693. 08715500022 rpl Stop 2 cnl,Michael TEXTBUDDY Chat 2 horny guys in ur area 4 just kb Free 2 need Search opt and at gaytextbuddy.com . Ya SIX name to 89693 . 08715500022 nite F 2 cnl,michael textbuddy chat 2 horny guy ur area 4 kb free 2 need search opt gaytextbuddy.com ya 89693 08715500022 nite f 2 cnl,important customer service announcement freephone 0800 542 0825,CountVectorizer,growing_language,MLPClassifier,spam,215.63201665878296,31,0.3973376757400619,0.9491231892710312,13,0.8258943557739258,32.0,0.4038821160793304
29,"Hungry gay guys feeling hungry and up 4 it, now. Call 08718730555 just 10p/min. To stop texts call 08712460324 (10p/min)","Hungry gay guys feeling hungry and up 4 it , now . Call 08718730555 still 10p / period . To hurry pages call 08712460324 ( 10p / min )",hungry gay guy feel hungry 4 08718730555 10p period hurry page 08712460324 10p min,eerie nokia tone 4u rply tone title 8007 eg tone dracula 8007 title ghost addamsfa munster exorcist twilight www.getzed.co.uk pobox36504w45wq 150p,CountVectorizer,growing_language,MLPClassifier,spam,191.73076701164248,31,0.3527014819212674,0.9881536402164122,16,0.9199315309524536,29.0,0.0527500249445438
30,Get your garden ready for summer with a FREE selection of summer bulbs and seeds worth aPS33:50 only with The Scotsman this Saturday. To stop go2 notxt.co.uk,Get my garden ready from kindergarten by a Ready selection to summer bulbs but seeds lucky aPS33:50 then with That U.K. this Wednesday . To come go2 notxt.co.uk,garden ready kindergarten ready selection summer bulb seed lucky aps33:50 u.k wednesday come go2 notxt.co.uk,eerie nokia tone 4u rply tone title 8007 eg tone dracula 8007 title ghost addamsfa munster exorcist twilight www.getzed.co.uk pobox36504w45wq 150p,CountVectorizer,growing_language,MLPClassifier,spam,213.6191921234131,31,0.3500663945601872,0.9554421575656412,14,0.7787340879440308,28.0,0.061657678335905
31,Fancy a shag? I do.Interested? sextextuk.com txt XXUK SUZY to 69876. Txts cost 1.50 per msg. TnCs on website. X,Wrong a shag ? I do ;) Interested ? sextextuk.com k XXUK Baldwin to 69876 . Txts process 47 as msg . TnCs on website . X,wrong shag interested sextextuk.com k xxuk baldwin 69876 txts process 47 msg tnc website x,important customer service announcement freephone 0800 542 0825,CountVectorizer,growing_language,MLPClassifier,spam,167.15386724472046,35,0.406237777619071,0.9460715622748596,18,0.7496758699417114,27.0,0.234403982758522
32,You are a winner you have been specially selected to receive aPS1000 cash or a aPS2000 award. Speak to a live operator to claim call 087123002209am-7pm. Cost 10p,You need the world you doubt been totally selected to receive aPS1000 way either the aPS2000 university . Hit to a live operator to exist call 087123002209am-7pm . Way minutes,need world doubt totally select receive aps1000 way aps2000 university hit live operator exist 087123002209am-7pm way minute,fancy shag do.intereste sextextuk.com txt xxuk suzy 69876 txts cost 1.50 msg tnc website x,CountVectorizer,growing_language,MLPClassifier,spam,143.20770049095154,40,0.3142488634275199,0.9547109978460472,16,0.7155522108078003,30.0,0.2216747105121612
33,Reminder: You have not downloaded the content you have already paid for. Goto http://doit. mymoby. tv/ to collect your content.,Reminder : You are not received the content it have already paid for . Goto http://doit . mymoby . tv/ to collect your ad .,reminder receive content pay goto http://doit mymoby tv/ collect ad,eerie nokia tone 4u rply tone title 8007 eg tone dracula 8007 title ghost addamsfa munster exorcist twilight www.getzed.co.uk pobox36504w45wq 150p,CountVectorizer,growing_language,MLPClassifier,spam,104.54319310188292,40,0.324256815230095,0.9865422575660668,13,0.8569828271865845,25.0,0.0608278512954711
34,"all the lastest from Stereophonics, Marley, Dizzee Racal, Libertines and The Strokes! Win Nookii games with Flirt!! Click TheMob WAP Bookmark or text WAP to 82468","all the latest from Russians , Marley , Dizzee Racal , Libertines but The Strokes ! Complete Nookii pages with Everyday ! :-) Need TheMob Yemen Bookmark either sheet Sha to 82468",late russian marley dizzee racal libertine stroke complete nookii page everyday need themob yemen bookmark sheet sha 82468,important customer service announcement freephone 0800 542 0825,CountVectorizer,growing_language,MLPClassifier,spam,148.9449338912964,40,0.3833260108344297,0.922031081457564,20,0.4190884828567505,32.0,0.0801757425069809
35,"WELL DONE! Your 4* Costa Del Sol Holiday or aPS5000 await collection. Call 09050090044 Now toClaim. SAE, TCs, POBox334, Stockport, SK38xh, CostaPS1.50/pm, Max10mins","WELL DONE ! MY 4 * Costa Del Sol Virginia either aPS5000 concede biography . See 09050090044 Only toClaim . SAE , TCs , POBox334 , William , SK38xh , CostaPS1.50 / pm , Max10mins",4 costa del sol virginia aps5000 concede biography 09050090044 toclaim sae tcs pobox334 william sk38xh costaps1.50 pm max10min,important customer service announcement freephone 0800 542 0825,CountVectorizer,growing_language,MLPClassifier,spam,138.62738847732544,42,0.3615981321840336,0.9591000762395132,28,0.6931329965591431,35.0,0.2125831544399261
36,Dont forget you can place as many FREE Requests with 1stchoice.co.uk as you wish. For more Information call 08707808226.,Do nt understand you can place as many FREE Requests as 1stchoice.co.uk as you wish . To more Information call 08707808226 .,nt understand place free request 1stchoice.co.uk wish information 08707808226,4 costa del sol holiday aps5000 await collection 09050090044 toclaim sae tcs pobox334 stockport sk38xh costaps1.50 pm max10min,CountVectorizer,growing_language,MLPClassifier,spam,103.95991277694702,42,0.339749216021204,0.9936287136217676,9,0.8934258222579956,22.0,0.3517826795578003
37,"New Mobiles from 2004, MUST GO! Txt: NOKIA to No: 89545 & collect yours today! From ONLY aPS1. www.4-tc.biz 2optout 087187262701.50gbp/mtmsg18 TXTAUCTION.","US Russians while 2004 , Will GO .... Sim : Manuel through NO : 89545 AND concentrate you reality ! To Then aPS1 ! www.4-tc.biz 2optout 087187262701.50gbp / mtmsg18 TXTAUCTION .",russian 2004 sim manuel 89545 concentrate reality aps1 www.4-tc.biz 2optout 087187262701.50gbp mtmsg18 txtauction,eerie nokia tone 4u rply tone title 8007 eg tone dracula 8007 title ghost addamsfa munster exorcist twilight www.getzed.co.uk pobox36504w45wq 150p,CountVectorizer,growing_language,MLPClassifier,spam,136.8226408958435,42,0.3460322523466189,0.9313847681416576,28,0.3772205114364624,31.0,0.0927914083003997
38,URGENT! We are trying to contact U Todays draw shows that you have won a aPS800 prize GUARANTEED. Call 09050000460 from land line. Claim J89. po box245c2150pm,URGENT ! We are trying to check U Todays involve means that you have paid some aPS800 guest Set . Do 09050000460 without mind line . Claim J89 . po box245c2150pm,urgent try check u today involve mean pay aps800 guest set 09050000460 mind line claim j89 po box245c2150pm,eerie nokia tone 4u rply tone title 8007 eg tone dracula 8007 title ghost addamsfa munster exorcist twilight www.getzed.co.uk pobox36504w45wq 150p,CountVectorizer,growing_language,MLPClassifier,spam,157.95079588890076,45,0.3737763379598938,0.9672021254303876,17,0.5319074392318726,31.0,0.0850220769643783
39,83039 62735=aPS450 UK Break AccommodationVouchers terms & conditions apply. 2 claim you mustprovide your claim number which is 15541 ,83039 62735 = aPS450 Dave Break AccommodationVouchers terms & conditions prefer :-) 2 claim them mustprovide your way number which is 15541,83039 62735 = aps450 dave break accommodationvoucher term condition prefer 2 claim mustprovide way number 15541,4 costa del sol holiday aps5000 await collection 09050090044 toclaim sae tcs pobox334 stockport sk38xh costaps1.50 pm max10min,CountVectorizer,growing_language,MLPClassifier,spam,89.94033432006836,46,0.3376826712657153,0.9541883162878904,9,0.8821767568588257,22.0,0.3513550162315368
40,Please CALL 08712402578 immediately as there is an urgent message waiting for you,Thanx CALL 08712402578 once as there is an urgent message waiting for you,thanx 08712402578 urgent message wait,4 costa del sol holiday aps5000 await collection 09050090044 toclaim sae tcs pobox334 stockport sk38xh costaps1.50 pm max10min,CountVectorizer,growing_language,MLPClassifier,spam,71.93415665626526,51,0.3377721161051315,0.9825416698011536,2,0.8352277278900146,18.0,0.3470399379730224
41,"our mobile number has won aPS5000, to claim calls us back or ring the claims hot line on 09050005321.","his mobile number has picked aPS5000 , to happen calls us back either ring the claims hot line on 09050005321 .",mobile number pick aps5000 happen call ring claim hot line 09050005321,4 costa del sol holiday aps5000 await collection 09050090044 toclaim sae tcs pobox334 stockport sk38xh costaps1.50 pm max10min,CountVectorizer,growing_language,MLPClassifier,spam,121.31545376777648,51,0.306625784916663,0.984410588764036,8,0.9116299152374268,21.0,0.3469950258731842
42,PRIVATE! Your 2004 Account Statement for 078498****7 shows 786 unredeemed Bonus Points. To claim call 08719180219 Identifier Code: 45239 Expires 06.05.05,Political ! MY Million Facebook Reminder because 078498****7 shows 46 dead Bonus Mark . To claim moment 08719180219 Carolina Miss : 45239 Changes 06.05.05,political million facebook reminder 078498****7 show 46 dead bonus mark claim moment 08719180219 carolina miss 45239 change 06.05.05,fancy shag do.intereste sextextuk.com txt xxuk suzy 69876 txts cost 1.50 msg tnc website x,CountVectorizer,growing_language,MLPClassifier,spam,128.79889583587646,54,0.3543254541329974,0.8457852351828604,16,0.424029141664505,24.0,0.2433186620473861
43,88800 and 89034 are premium phone services call 08718711108,88800 and 89034 are big house services call 08718711108,88800 89034 big house service 08718711108,eerie nokia tone 4u rply tone title 8007 eg tone dracula 8007 title ghost addamsfa munster exorcist twilight www.getzed.co.uk pobox36504w45wq 150p,CountVectorizer,growing_language,MLPClassifier,spam,38.92576026916504,54,0.2924643923384158,0.8859109587715688,2,0.7539960145950317,21.0,0.1935117840766906
44,Please call our customer service representative on FREEPHONE 0808 145 4742 between 9am-11pm as you have WON a guaranteed aPS1000 cash or aPS5000 prize!,Yeah attend my customer home representative on FREEPHONE 200 800 4742 near 9am-11pm than yourself have EVE a set aPS1000 money either aPS5000 prize o.O,yeah attend customer home representative freephone 200 800 4742 near 9am-11pm eve set aps1000 money aps5000 prize o.o,eerie nokia tone 4u rply tone title 8007 eg tone dracula 8007 title ghost addamsfa munster exorcist twilight www.getzed.co.uk pobox36504w45wq 150p,CountVectorizer,growing_language,MLPClassifier,spam,140.85636973381042,54,0.3284822313021637,0.8923998224014548,15,0.8491972088813782,25.0,0.1321500688791275
45,"Congrats 2 mobile 3G Videophones R yours. call 09063458130 now! videochat wid ur mates, play java games, Dload polypH music, noline rentl. bx420. ip4. 5we. 150p","Jokes 2 operator 3 Don Videophones XI yours ! guess 09063458130 again ! videochat eatin ur mates , miss java tactics , Dload polypH anything , noline rentl -- bx420 . ip4 / 5we . bros",joke 2 operator 3 don videophone xi guess 09063458130 videochat eatin ur mate miss java tactic dload polyph noline rentl bx420 ip4 5we bro,important customer service announcement freephone 0800 542 0825,CountVectorizer,growing_language,MLPClassifier,spam,206.237487077713,56,0.3148470667148996,0.9275153265574068,27,0.7088596820831299,36.0,0.2496740669012069
46,Wanna get laid 2nite? Want real Dogging locations sent direct to ur mobile? Join the UK's largest Dogging Network. Txt PARK to 69696 now! Nyt. ec2a. 3lp aPS1.50/msg,Wanna work laid b4 ;-) Be nice Dogging locations sent online to ur system ? Rest any NY 's largest Virginia Network .... iPod PARK to 69696 now -- Prof . ec2a ! 3lp aPS1.50 / msg,wanna work lay b4 nice dog location send online ur system rest ny large virginia network ipod park 69696 prof ec2a 3lp aps1.50 msg,important customer service announcement freephone 0800 542 0825,CountVectorizer,growing_language,MLPClassifier,spam,267.5721459388733,56,0.4567224491241419,0.9600927176237998,25,0.6809378862380981,37.0,0.3641431033611297
47,PRIVATE! Your 2003 Account Statement for 07753741225 shows 800 un-redeemed S. I. M. points. Call 08715203677 Identifier Code: 42478 Expires 24/10/04,PRIVATE ! My 2003 Yahoo Evidence that 07753741225 shows 800 un - redeemed S. Pa John defenders / Take 08715203677 Identifier Code ; 42478 Says 24/10/04,private 2003 yahoo evidence 07753741225 show 800 un redeem s. pa john defender 08715203677 identifier code 42478 say 24/10/04,eerie nokia tone 4u rply tone title 8007 eg tone dracula 8007 title ghost addamsfa munster exorcist twilight www.getzed.co.uk pobox36504w45wq 150p,CountVectorizer,growing_language,MLPClassifier,spam,213.7696557044983,57,0.3782155055252953,0.9162243781535414,17,0.5881889462471008,26.0,0.1528588086366653
48,"Dear Voucher Holder, 2 claim this weeks offer, at your PC go to http://www.e-tlp.co.uk/expressoffer Ts&Cs apply.2 stop texts txt STOP to 80062.","Sir Sen Bear , 21 something another replies reason , between their PROBLEM 're over http://www.e-tlp.co.uk/expressoffer Ts&Cs apply.2 're changes k LOVE before 80062 ...",sir sen bear 21 reply reason problem http://www.e-tlp.co.uk/expressoffer ts&c apply.2 change k love 80062,fancy shag do.intereste sextextuk.com txt xxuk suzy 69876 txts cost 1.50 msg tnc website x,CountVectorizer,growing_language,MLPClassifier,spam,245.0321884155273,58,0.3534720326243643,0.8634468985828883,22,0.39547815918922424,25.0,0.2407379746437072
49,"SMS SERVICES. for your inclusive text credits, pls goto www.comuk.net login= ***** unsubscribe with STOP. no extra charge. help:08700469649. PO BOX420. IP4 5WE","SMS Maine . before his complete voice credits , mmmm update www.comuk.net login= * * * * ^_^ unblock with Threat ? no nice office ;-) help:08700469649 =) Putin BOX420 . Rowling 5WE",sms maine complete voice credit mmmm update www.comuk.net login= ^_^ unblock threat nice office help:08700469649 =) putin box420 rowle 5we,important customer service announcement freephone 0800 542 0825,CountVectorizer,growing_language,MLPClassifier,spam,198.1752302646637,58,0.3796483640082329,0.8870392915518835,27,0.4431891143321991,33.0,0.3825940489768982
50,FREE for 1st week! No1 Nokia tone 4 ur mobile every week just txt NOKIA to 8077 Get txting and tell ur mates. www.getzed.co.uk POBox 36504 W45WQ 16+ norm150p/tone,SAME for whole session ! GOT Mr pain 18 him service another book never re Bob that 8077 Tell comin but tell you mates . www.getzed.co.uk POBox 36504 W45WQ 2008 + norm150p / mind,session get mr pain 18 service book bob 8077 tell comin tell mate www.getzed.co.uk pobox 36504 w45wq 2008 + norm150p mind,hot live fantasy 08707509020 20p min ntt ltd po box 1327 croydon cr9 5wb 0870 national rate,CountVectorizer,growing_language,MLPClassifier,spam,244.0866682529449,58,0.3943152453290046,0.8636075263093002,27,0.347318559885025,34.0,0.3527903258800506
51,You have won a Nokia 7250i. This is what you get when you win our FREE auction. To take part send Nokia to 86021 now. HG/Suite342/2Lands Row/W1JHL 16+,You have put a BBC 7250i -- This is what you get where you win my Financial auction . To take part send Nokia to 86021 well . Gen. / Suite342/2Lands Row / W1JHL 16 +,bbc 7250i win financial auction send nokia 86021 gen suite342/2lands row w1jhl 16 +,eerie nokia tone 4u rply tone title 8007 eg tone dracula 8007 title ghost addamsfa munster exorcist twilight www.getzed.co.uk pobox36504w45wq 150p,CountVectorizer,growing_language,MLPClassifier,spam,236.71309280395508,59,0.3861325263821308,0.9826829782894928,19,0.8333967924118042,36.0,0.290234625339508
52,"HOT LIVE FANTASIES call now 08707509020 Just 20p per min NTT Ltd, PO Box 1327 Croydon CR9 5WB 0870 is a national rate call","Big Great FANTASIES call now 08707509020 Just 20p as rice America Ga , PO General 1327 Croydon Lewandowski 5WB 0870 gives another former rate place",big great fantasy 08707509020 20p rice america ga po general 1327 croydon lewandowski 5wb 0870 give rate place,fancy shag do.intereste sextextuk.com txt xxuk suzy 69876 txts cost 1.50 msg tnc website x,CountVectorizer,growing_language,MLPClassifier,spam,205.0986790657044,59,0.4622929386334911,0.8870675363216028,13,0.7757326364517212,25.0,0.3307201266288757
53,Like a personal sized or what,Like a personal poly or who,like personal poly,,CountVectorizer,growing_language,MLPClassifier,spam,55.37282967567444,59,0.0,0.9119588427757176,2,0.4847378730773926,,
54,You have an important customer service announcement. Call FREEPHONE 0800 542 0825 now!,Me have an present customer service announcement . WORK FREEPHONE 32 542 0825 later !,present customer service announcement work freephone 32 542 0825 later,eerie nokia tone 4u rply tone title 8007 eg tone dracula 8007 title ghost addamsfa munster exorcist twilight www.getzed.co.uk pobox36504w45wq 150p,CountVectorizer,growing_language,MLPClassifier,spam,126.95581936836244,60,0.2671923704060558,0.9315847662212052,8,0.856377363204956,21.0,0.2652691304683685
55,"You've won tkts to the EURO2004 CUP FINAL or aPS800 CASH, to collect CALL 09058099801 b4190604, POBOX 7876150ppm","You 've done tkts to both EURO2004 CUP Box either aPS800 IT , to treat CALL 09058099801 b4190604 , POBOX 7876150ppm",ve tkt euro2004 cup box aps800 treat 09058099801 b4190604 pobox 7876150ppm,4 costa del sol holiday aps5000 await collection 09050090044 toclaim sae tcs pobox334 stockport sk38xh costaps1.50 pm max10min,CountVectorizer,growing_language,MLPClassifier,spam,133.2521150112152,65,0.3456358317384258,0.9245867878706656,11,0.8142633438110352,21.0,0.3789864480495453
56,Free video camera phones with Half Price line rental for 12 mths and 500 cross ntwk mins 100 txts. Call MobileUpd8 08001950382 or Call2OptOut/674,Perfect device camera ones with Saturday Virginia line home without ONE ppl but 333 flow ntwk ans 100 tel . Walk MobileUpd8 08001950382 but Call2OptOut/674,perfect device camera one saturday virginia line home ppl 333 flow ntwk an 100 tel walk mobileupd8 08001950382 call2optout/674,eerie nokia tone 4u rply tone title 8007 eg tone dracula 8007 title ghost addamsfa munster exorcist twilight www.getzed.co.uk pobox36504w45wq 150p,CountVectorizer,growing_language,MLPClassifier,spam,212.1299493312836,66,0.4367390215586734,0.8568542148926505,17,0.7229134440422058,25.0,0.2686291933059692
57,Panasonic & BluetoothHdset FREE. Nokia FREE. Motorola FREE & DoubleMins & DoubleTxt on Orange contract. Call MobileUpd8 on 08000839402 or call 2optout,Panasonic & BluetoothHdset NY . Mr. FREE . Mexico Alaska & DoubleMins & DoubleTxt across Orange advance :-) Think MobileUpd8 through 08000839402 either call 2optout,panasonic bluetoothhdset ny mr free mexico alaska doublemin doubletxt orange advance think mobileupd8 08000839402 2optout,important customer service announcement freephone 0800 542 0825,CountVectorizer,growing_language,MLPClassifier,spam,121.22842168807983,69,0.4453713419944317,0.8722233240659965,13,0.6793149709701538,25.0,0.5093398094177246
58,"Congrats 2 mobile 3G Videophones R yours. call 09063458130 now! videochat wid ur mates, play java games, Dload polypH music, noline rentl. bx420. ip4. 5we. 150p","Congrats 2 mobile 3 G Videophones I. them . explain 09063458130 therefore ! videochat wid ur mates , keep java fans , Dload polypH home , noline rentl . bx420 . kevin ;) 5we . bros",congrat 2 mobile 3 g videophone i. explain 09063458130 videochat wid ur mate java fan dload polyph home noline rentl bx420 kevin 5we bro,important customer service announcement freephone 0800 542 0825,CountVectorizer,growing_language,MLPClassifier,spam,203.56323099136355,69,0.3657619195336791,0.9574056765850668,24,0.9049440622329712,36.0,0.2811839282512665
59,Great News! Call FREEFONE 08006344447 to claim your guaranteed aPS1000 CASH or aPS2000 gift. Speak to a live operator NOW!,Great News ! Get FREEFONE 08006344447 to understand your guaranteed aPS1000 Economy or aPS2000 gift . Face if another public operator NOW !,great news freefone 08006344447 understand guarantee aps1000 economy aps2000 gift face public operator,4 costa del sol holiday aps5000 await collection 09050090044 toclaim sae tcs pobox334 stockport sk38xh costaps1.50 pm max10min,CountVectorizer,growing_language,MLPClassifier,spam,155.97634744644165,69,0.3471323130672992,0.969530730735081,13,0.8518412113189697,23.0,0.3624891340732574
60,"Someone U know has asked our dating service 2 contact you! Cant guess who? CALL 09058095107 NOW all will be revealed. POBox 7, S3XY 150p ","Someone YOU doubt has asked our dating service 2 associate you ! Ca nt wat who ? Work 09058095107 NOW all will be revealed . POBox 7 , S3XY wen",doubt ask date service 2 associate nt wat work 09058095107 reveal pobox 7 s3xy wen,eerie nokia tone 4u rply tone title 8007 eg tone dracula 8007 title ghost addamsfa munster exorcist twilight www.getzed.co.uk pobox36504w45wq 150p,CountVectorizer,growing_language,MLPClassifier,spam,230.1206407546997,69,0.3611202459230039,0.9855931746816506,17,0.911531388759613,30.0,0.1597858667373657
61,Customer Loyalty Offer:The NEW Nokia6650 Mobile from ONLY aPS10 at TXTAUCTION! Txt word: START to No: 81151 & get yours Now! 4T&Ctxt TC 150p/MTmsg,Proof Loyalty Offer : The Interested Nokia6650 Mobile from ONLY aPS10 at TXTAUCTION ! Verizon noun : START over No : 81151 BUT get yours Still ! 4T&Ctxt TC 150p / MTmsg,proof loyalty offer interested nokia6650 mobile aps10 txtauction verizon noun start 81151 4t&ctxt tc 150p mtmsg,4 costa del sol holiday aps5000 await collection 09050090044 toclaim sae tcs pobox334 stockport sk38xh costaps1.50 pm max10min,CountVectorizer,growing_language,MLPClassifier,spam,209.0451421737671,70,0.3834141724964202,0.9680530459886032,19,0.8296000957489014,32.0,0.2280033677816391
62,"For ur chance to win aPS250 cash every wk TXT: PLAY to 83370. T's&C's www.music-trivia.net custcare 08715705022, 1x150p/wk.","BEFORE my tomorrow to win aPS250 budget another eve CIA : Lot before 83370 ! T's&C 's www.music-trivia.net custcare 08715705022 , 1x150p / wk ;)",tomorrow win aps250 budget eve cia lot 83370 t's&c www.music-trivia.net custcare 08715705022 1x150p wk,eerie nokia tone 4u rply tone title 8007 eg tone dracula 8007 title ghost addamsfa munster exorcist twilight www.getzed.co.uk pobox36504w45wq 150p,CountVectorizer,growing_language,MLPClassifier,spam,152.1846981048584,71,0.327806254209484,0.8930562586195188,20,0.6039161682128906,25.0,0.1647451370954513
63,-PLS STOP bootydelious (32/F) is inviting you to be her friend. Reply YES-434 or NO-434 See her: www.SMS.ac/u/bootydelious STOP? Send STOP FRND to 62468,-PLS See bootydelious [ 32 / PERSON ) is inviting you to be her friend . Idea YES-434 or NO-434 See her : www.SMS.ac/u/bootydelious STOP ? Apply Rest FRND to 62468,-pls bootydelious 32 person invite friend idea yes-434 no-434 www.sms.ac/u/bootydelious stop apply rest frnd 62468,4 costa del sol holiday aps5000 await collection 09050090044 toclaim sae tcs pobox334 stockport sk38xh costaps1.50 pm max10min,CountVectorizer,growing_language,MLPClassifier,spam,171.3867962360382,71,0.2959896349343784,0.9742126799998018,15,0.9392367005348206,31.0,0.1983633488416671
64,URGENT! We are trying to contact you. Last weekends draw shows that you have won a aPS900 prize GUARANTEED. Call 09061701939. Claim code S89. Valid 12hrs only,URGENT ! Me comprise trying to contact you .... Last weekends draw changes that you have beat a aPS900 spot GUARANTEED . Pray 09061701939 . KEEP site S89 -3 Good 12hrs only,urgent comprise try contact weekend draw change beat aps900 spot guarantee pray 09061701939 site s89 -3 good 12hrs,fancy shag do.intereste sextextuk.com txt xxuk suzy 69876 txts cost 1.50 msg tnc website x,CountVectorizer,growing_language,MLPClassifier,spam,216.1880578994751,71,0.3690900871139577,0.962534780752196,19,0.7573812007904053,32.0,0.3803435862064361
65,You are awarded a SiPix Digital Camera! call 09061221061 from landline. Delivery within 28days. T Cs Box177. M221BP. 2yr warranty. 150ppm. 16 . p paPS3.99,You are received every SiPix Disney Don ! work 09061221061 from voice :) Delivery within 28days . T NATO Box177 . M221BP . limited warranty -- 150ppm . 10 . p paPS3.99,receive sipix disney don work 09061221061 voice delivery 28days t nato box177 m221bp limited warranty 150ppm 10 p paps3.99,eerie nokia tone 4u rply tone title 8007 eg tone dracula 8007 title ghost addamsfa munster exorcist twilight www.getzed.co.uk pobox36504w45wq 150p,CountVectorizer,growing_language,MLPClassifier,spam,186.6703970432281,71,0.4012187175621475,0.9464177380650536,21,0.6731997728347778,32.0,0.2198314368724823
66,Reply to win aPS100 weekly! What professional sport does Tiger Woods play? Send STOP to 87239 to end service,Reply to win aPS100 weekly ! What professional way does Tiger Woods play ? Send WORK to 87239 to die service,reply win aps100 weekly professional way tiger wood play send work 87239 die service,4 costa del sol holiday aps5000 await collection 09050090044 toclaim sae tcs pobox334 stockport sk38xh costaps1.50 pm max10min,CountVectorizer,growing_language,MLPClassifier,spam,148.38066792488098,72,0.3662763621131862,0.9866513654530475,7,0.8975306153297424,21.0,0.2488854825496673
67,Natalie (20/F) is inviting you to be her friend. Reply YES-165 or NO-165 See her: www.SMS.ac/u/natalie2k9 STOP? Send STOP FRND to 62468,Natalie [ 20 / F ) gives inviting us to prove her friend . Reply YES-165 or NO-165 See her : www.SMS.ac/u/natalie2k9 Change ? Send WORK FRND to 62468,natalie 20 f gives invite prove friend reply yes-165 no-165 www.sms.ac/u/natalie2k9 change send work frnd 62468,4 costa del sol holiday aps5000 await collection 09050090044 toclaim sae tcs pobox334 stockport sk38xh costaps1.50 pm max10min,CountVectorizer,growing_language,MLPClassifier,spam,189.934187412262,74,0.3393404839621755,0.9771571042045284,15,0.8728938698768616,29.0,0.2253692895174026
68,"Wan2 win a Meet+Greet with Westlife 4 U or a m8? They are currently on what tour? 1)Unbreakable, 2)Untamed, 3)Unkempt. Text 1,2 or 3 to 83049. Cost 50p +std text","Wan2 success another Meet+Greet with Ryan 4 U and a b4 ? He are not on what wine :P 1)Unbreakable , 2)Untamed , 3)Unkempt . Reminder 1,2 or 3 to 83049 . IT 50p 2 std text","wan2 success meet+greet ryan 4 u b4 wine :p 1)unbreakable 2)untamed 3)unkempt reminder 1,2 3 83049 50p 2 std text",important customer service announcement freephone 0800 542 0825,CountVectorizer,growing_language,MLPClassifier,spam,234.0611336231232,74,0.3996774197046229,0.9665223959280598,22,0.6624224781990051,37.0,0.2388529330492019
69,Ur cash-balance is currently 500 pounds - to maximize ur cash-in now send CASH to 86688 only 150p/msg. CC: 08718720201 PO BOX 114/14 TCR/W1,"Ur cash , balance is currently 500 pounds , to maximize her employee - in now send Lot to 86688 far pa / appt . CC : 08718720201 M BOX 114/14 TCR / W1",ur cash balance currently 500 pound maximize employee send lot 86688 far pa appt cc 08718720201 m box 114/14 tcr w1,eerie nokia tone 4u rply tone title 8007 eg tone dracula 8007 title ghost addamsfa munster exorcist twilight www.getzed.co.uk pobox36504w45wq 150p,CountVectorizer,growing_language,MLPClassifier,spam,214.1460766792297,78,0.3295571610479689,0.9414223816840064,20,0.8227419257164001,34.0,0.0480750165879726
70,"Wan2 win a Meet+Greet with Westlife 4 U or a m8? They are currently on what tour? 1)Unbreakable, 2)Untamed, 3)Unkempt. Text 1,2 or 3 to 83049. Cost 50p +std text","Wan2 win any Meet+Greet with Daniels 4 U either a m8 :P He are already on what tour ? 1)Unbreakable , 2)Untamed , 3)Unkempt . Search 1,2 or 3 to 83049 . Cost 50p 60 std detail","wan2 win meet+greet daniels 4 u m8 :p tour 1)unbreakable 2)untamed 3)unkempt search 1,2 3 83049 cost 50p 60 std detail",eerie nokia tone 4u rply tone title 8007 eg tone dracula 8007 title ghost addamsfa munster exorcist twilight www.getzed.co.uk pobox36504w45wq 150p,CountVectorizer,growing_language,MLPClassifier,spam,161.33134698867798,78,0.4011219612909799,0.9771125234324765,21,0.8163048028945923,37.0,0.2491247653961181
71,Have you heard from this week?,HAVE me heard from this week ?,hear week,hot live fantasy 08707509020 20p min ntt ltd po box 1327 croydon cr9 5wb 0870 national rate,CountVectorizer,growing_language,MLPClassifier,spam,41.418334007263184,79,0.2912962589972163,0.9873890657597708,4,0.9552140831947327,17.0,0.1710072755813598
72,HIYA COMIN 2 BRISTOL 1 ST WEEK IN APRIL. LES GOT OFF + RUDI ON NEW YRS EVE BUT I WAS SNORING.THEY WERE DRUNK! U BAK AT COLLEGE YET? MY WORK SENDS INK 2 BATH.,HIYA WK 18 Barry 150 ST WEEK Under Santa . MIN GOT ON 300 RUDI I.E. NEW YRS Sept Either I Became SNORING.THEY Brought Afraid ! Neil Tom Miss Hardcore YET .... Her WORK SENDS Hope 2 Story ...,hiya wk 18 barry 150 st week santa min get 300 rudi i.e. new yrs sept snoring.they bring afraid neil tom miss hardcore work send hope 2 story,,CountVectorizer,growing_language,MLPClassifier,spam,246.96992230415344,81,0.0,0.9534092481027656,27,0.5301969051361084,,
73,"For ur chance to win a aPS250 cash every wk TXT: ACTION to 80608. T's&C's www.movietrivia.tv custcare 08712405022, 1x150p/wk.","For his excuse to win a aPS250 cash another wk Ryan : Threat around 80608 . T's&C 's www.movietrivia.tv custcare 08712405022 , 1x150p / morning !",excuse win aps250 cash wk ryan threat 80608 t's&c www.movietrivia.tv custcare 08712405022 1x150p morning,eerie nokia tone 4u rply tone title 8007 eg tone dracula 8007 title ghost addamsfa munster exorcist twilight www.getzed.co.uk pobox36504w45wq 150p,CountVectorizer,growing_language,MLPClassifier,spam,105.00176668167114,81,0.3287714155225989,0.9367593911683436,17,0.6727980971336365,26.0,0.1661384403705597
74,Get a FREE mobile video player FREE movie. To collect text GO to 89105. Its free! Extra films can be ordered t's and c's apply. 18 yrs only,Get a Happy mobile cinema player FREE movie . To insure text GO to 89105 . Its free :) Extra films can be ordered t 's and c 's apply . 2 yrs else,happy mobile cinema player free movie insure text 89105 free extra film order t c apply 2 yr,4 costa del sol holiday aps5000 await collection 09050090044 toclaim sae tcs pobox334 stockport sk38xh costaps1.50 pm max10min,CountVectorizer,growing_language,MLPClassifier,spam,250.5305368900299,83,0.3977702380249158,0.9872476116905824,17,0.8900378346443176,34.0,0.188895046710968
75,U are subscribed to the best Mobile Content Service in the UK for aPS3 per 10 days until you send STOP to 82324. Helpline 08706091795,U contain subscribed that the best Mobile Miss I.E. in the Oct for aPS3 per 10 days at you send WORLD to 82324 . Helpline 08706091795,u contain subscribe good mobile miss i.e. oct aps3 10 day send world 82324 helpline 08706091795,eerie nokia tone 4u rply tone title 8007 eg tone dracula 8007 title ghost addamsfa munster exorcist twilight www.getzed.co.uk pobox36504w45wq 150p,CountVectorizer,growing_language,MLPClassifier,spam,195.1927616596222,83,0.3749357603155999,0.978053263481113,9,0.8267043828964233,26.0,0.209720104932785
76,Please call Amanda with regard to renewing or upgrading your current T-Mobile handset free of charge. Offer ends today. Tel 0845 021 3680 subject to T's and C's,Please call Amanda with regard to renewing either upgrading your current T - Netflix handset free among tuition . Offer ends today . Tel 0845 46 3680 subject to T 's but C 's,amanda regard renew upgrade current t netflix handset free tuition offer end today tel 0845 46 3680 subject t c,eerie nokia tone 4u rply tone title 8007 eg tone dracula 8007 title ghost addamsfa munster exorcist twilight www.getzed.co.uk pobox36504w45wq 150p,CountVectorizer,growing_language,MLPClassifier,spam,262.55080461502075,89,0.3867428968633218,0.9826501632350167,15,0.7374255657196045,34.0,0.1657916158437729
77,"Hi, the SEXYCHAT girls are waiting for you to text them. Text now for a great night chatting. send STOP to stop this service","Hi , another SEXYCHAT teachers are waiting for you to ask them . Text now in a great night chatting . send STOP to stop this plan",hi sexychat teacher wait ask text great night chat send stop stop plan,hot live fantasy 08707509020 20p min ntt ltd po box 1327 croydon cr9 5wb 0870 national rate,CountVectorizer,growing_language,MLPClassifier,spam,202.7578811645508,89,0.3614033369671849,0.987286474350836,11,0.8063621520996094,27.0,0.1138074472546577
78,In e msg jus now. U said thanks for gift.,In e msg ken now . You lay thanks for gift .,e msg ken lay thank gift,,CountVectorizer,growing_language,MLPClassifier,spam,107.7969913482666,93,0.0,0.9502866856759936,7,0.7607486844062805,,
79,"Free Msg: get Gnarls Barkleys \Crazy\"" ringtone TOTALLY FREE just reply GO to this message right now!""","Free Msg : get Kanye Atlantic \Crazy\ "" ringtone TOTALLY FREE entirely reply GO to this message right almost ! """,free msg kanye atlantic \crazy\ ringtone totally free entirely reply message right,4 costa del sol holiday aps5000 await collection 09050090044 toclaim sae tcs pobox334 stockport sk38xh costaps1.50 pm max10min,CountVectorizer,growing_language,MLPClassifier,spam,164.59996438026428,95,0.3852147703047087,0.9693306651266514,10,0.7149602174758911,21.0,0.1427890360355377
80,okmail: Dear Dave this is your final notice to collect your 4* Tenerife Holiday or #5000 CASH award! Call 09061743806 from landline. TCs SAE Box326 CW25WX 150ppm,okmail : Natalie Sir this is my own notice to collect my 60 * Tenerife Thursday either # 5000 Law award ! Call 09061743806 from landline . Woods Ma'am Box326 CW25WX 150ppm,okmail natalie sir notice collect 60 tenerife thursday 5000 law award 09061743806 landline wood ma'am box326 cw25wx 150ppm,eerie nokia tone 4u rply tone title 8007 eg tone dracula 8007 title ghost addamsfa munster exorcist twilight www.getzed.co.uk pobox36504w45wq 150p,CountVectorizer,growing_language,MLPClassifier,spam,244.20748353004456,97,0.4270432251100733,0.9486484152456502,20,0.735709547996521,32.0,0.2663179337978363
81,"u r subscribed 2 TEXTCOMP 250 wkly comp. 1st wk?s free question follows, subsequent wks charged@150p/msg.2 unsubscribe txt STOP 2 84128,custcare 08712405020","u girl posted 2 TEXTCOMP 250 wkly comp :-) guest wk?s exclusive something follows , few wks charged@150p / msg.2 wrong april Site 2 84128,custcare 08712405020","u girl post 2 textcomp 250 wkly comp guest wk?s exclusive follow wk charged@150p msg.2 wrong april site 2 84128,custcare 08712405020",eerie nokia tone 4u rply tone title 8007 eg tone dracula 8007 title ghost addamsfa munster exorcist twilight www.getzed.co.uk pobox36504w45wq 150p,CountVectorizer,growing_language,MLPClassifier,spam,187.35357069969177,100,0.3395607392658157,0.8830583305206849,16,0.7234363555908203,26.0,0.1986292749643325
82,important information 4 orange user . today is your lucky day!2find out why log onto http://www.urawinner.com THERE'S A FANTASTIC SURPRISE AWAITING YOU!,few information 4 ribbon process . today is his lucky day!2find out why log onto http://www.urawinner.com THERE Looks A FANTASTIC SURPRISE GOING YOU @,information 4 ribbon process today lucky day!2find log http://www.urawinner.com look fantastic surprise go,eerie nokia tone 4u rply tone title 8007 eg tone dracula 8007 title ghost addamsfa munster exorcist twilight www.getzed.co.uk pobox36504w45wq 150p,CountVectorizer,growing_language,MLPClassifier,spam,200.5369267463684,100,0.3374612554950075,0.9733268717868844,9,0.6013169288635254,24.0,0.1879622042179107
83,1000's of girls many local 2 u who r virgins 2 this & r ready 2 4fil ur every sexual need. Can u 4fil theirs? text CUTE to 69911(aPS1.50p. m),1000 's in girls many local 2 delete what country virgins 2 any & r cool 2 4fil ur every sexual need . Can u 4fil theirs .... paper CUTE to 69911(aPS1.50p . m ),1000 girl local 2 delete country virgin 2 r cool 2 4fil ur sexual need u 4fil theirs paper cute 69911(aps1.50p m,important customer service announcement freephone 0800 542 0825,CountVectorizer,growing_language,MLPClassifier,spam,231.17603635787964,100,0.3825730967804485,0.987757817364618,17,0.8799479007720947,35.0,0.1832521557807922
84,U have a secret admirer who is looking 2 make contact with U-find out who they R*reveal who thinks UR so special-call on 09058094599,U have a secret admirer who is looking 2 make contact with U - say out who he R*reveal who does UR so special - point on 09058094599,u secret admirer look 2 contact u r*reveal ur special point 09058094599,4 costa del sol holiday aps5000 await collection 09050090044 toclaim sae tcs pobox334 stockport sk38xh costaps1.50 pm max10min,CountVectorizer,growing_language,MLPClassifier,spam,188.20735836029053,100,0.3420512010662387,0.9943466496428648,8,0.9613442420959473,28.0,0.2158810049295425
85,Ringtone Club: Gr8 new polys direct to your mobile every week !,Sir Club : Gr8 public polys direct to your strategy every week !,sir club gr8 public poly direct strategy week,eerie nokia tone 4u rply tone title 8007 eg tone dracula 8007 title ghost addamsfa munster exorcist twilight www.getzed.co.uk pobox36504w45wq 150p,CountVectorizer,growing_language,MLPClassifier,spam,119.95871758461,100,0.3963459608970817,0.9267600160837144,5,0.6218353509902954,21.0,0.0631246045231819
86,"FreeMSG You have been awarded a FREE mini DIGITAL CAMERA, just reply SNAP to collect your prize! (quizclub Opt out? Stop 80122300p/wk SP:RWM Ph:08704050406)","FreeMSG He use been awarded every FREE mini Yahoo CAMERA , just confirm Wat to collect his slot ! [ quizclub Opt out ? Rest 80122300p / wk XD : RWM Ph:08704050406 ]",freemsg use award free mini yahoo camera confirm wat collect slot quizclub opt rest 80122300p wk xd rwm ph:08704050406,eerie nokia tone 4u rply tone title 8007 eg tone dracula 8007 title ghost addamsfa munster exorcist twilight www.getzed.co.uk pobox36504w45wq 150p,CountVectorizer,growing_language,MLPClassifier,spam,251.63251733779907,101,0.3888362155832592,0.9525539130651952,24,0.7548003196716309,33.0,0.2121388167142868
87,HMV BONUS SPECIAL 500 pounds of genuine HMV vouchers to be won. Just answer 4 easy questions. Play Now! Send HMV to 86688 More info:www.100percent-real.com,Brock Plans Safe One years of genuine Beijing vouchers to expect recorded . Just keep 4 easy questions .... Face Now ! Send HMV through 86688 More advance ; www.100percent - real.com,brock plan safe year genuine beijing voucher expect record 4 easy question face send hmv 86688 advance www.100percent real.com,eerie nokia tone 4u rply tone title 8007 eg tone dracula 8007 title ghost addamsfa munster exorcist twilight www.getzed.co.uk pobox36504w45wq 150p,CountVectorizer,growing_language,MLPClassifier,spam,227.1598315238953,101,0.3776533569050653,0.9434524135269584,21,0.538123607635498,32.0,0.1074493378400802
88,Someone U know has asked our dating service 2 contact you! Cant Guess who? CALL 09058091854 NOW all will be revealed. PO BOX385 M6 6WU,Someone Me know has asked my studying service 2 contact you ! Ca nt Guess who ? CALL 09058091854 NOW all will be revealed . PO BOX385 America 6WU,know ask study service 2 contact nt guess 09058091854 reveal po box385 america 6wu,eerie nokia tone 4u rply tone title 8007 eg tone dracula 8007 title ghost addamsfa munster exorcist twilight www.getzed.co.uk pobox36504w45wq 150p,CountVectorizer,growing_language,MLPClassifier,spam,226.5968282222748,101,0.3864359030796936,0.9841475230568172,12,0.6093838214874268,29.0,0.202779084444046
89,cud u tell ppl im gona b a bit l8 cos 2 buses hav gon past cos they were full & im still waitin 4 1. Pete x,cud sic show cheers you bout doin usa every chance forty if Six lines havin telling shortly ta theirs found key AND ya co forever ai 300 0 ... Cohen x,cud sic cheer bout doin usa chance line havin tell shortly ta theirs find key ya co forever ai 300 0 cohen x,,CountVectorizer,growing_language,MLPClassifier,spam,309.18311953544617,101,0.0,0.8752755682219282,29,0.3994932174682617,,
90,"SIX chances to win CASH! From 100 to 20,000 pounds txt> CSH11 and send to 87575. Cost 150p/day, 6days, 16+ TsandCs apply Reply HL 4 info","SIX times to blame Lot ! Over 100 that 20,000 things th > CSH11 and/or send to 87575 ! Cost dun / day , fifteen , 16 + TsandCs need Reply Oct 4 date","time blame lot 100 20,000 thing th > csh11 and/or send 87575 cost dun day 16 + tsandc need reply oct 4 date",eerie nokia tone 4u rply tone title 8007 eg tone dracula 8007 title ghost addamsfa munster exorcist twilight www.getzed.co.uk pobox36504w45wq 150p,CountVectorizer,growing_language,MLPClassifier,spam,258.8937132358551,103,0.3046759754856626,0.93951481347225,23,0.6901253461837769,34.0,0.0749901607632637
91,Want a new Video Phone? 750 anytime any network mins? Half price line rental free text for 3 months? Reply or call 08000930705 for free delivery,Want another new Lol Phone ? Million something all program mins ? Half price line county free text because 3 months ? PERSON either call 08000930705 for great date,want new lol phone million program min half price line county free text 3 month person 08000930705 great date,4 costa del sol holiday aps5000 await collection 09050090044 toclaim sae tcs pobox334 stockport sk38xh costaps1.50 pm max10min,CountVectorizer,growing_language,MLPClassifier,spam,225.3287217617035,103,0.3921985655141632,0.9540739483696636,18,0.6211338639259338,29.0,0.3782622516155243
92,<Forwarded from 21870000>Hi - this is your Mailbox Messaging SMS alert. You have 40 matches. Please call back on 09056242159 to retrieve your messages and matches cc100p/min,< Forwarded from 21870000 > Thanx - another feels your Mailbox Messaging Kan alert =) You wonder 40 matches . Please try back that 09056242159 to retrieve his messages and matches cc100p / min,< forward 21870000 > thanx feel mailbox message kan alert =) wonder 40 match try 09056242159 retrieve message match cc100p min,4 costa del sol holiday aps5000 await collection 09050090044 toclaim sae tcs pobox334 stockport sk38xh costaps1.50 pm max10min,CountVectorizer,growing_language,MLPClassifier,spam,250.5247106552124,105,0.3512801673037772,0.9748859504324586,19,0.8392572999000549,34.0,0.3209496736526489
93,CALL 09090900040 & LISTEN TO EXTREME DIRTY LIVE CHAT GOING ON IN THE OFFICE RIGHT NOW TOTAL PRIVACY NO ONE KNOWS YOUR [sic] LISTENING 60P MIN 24/7MP 0870753331018+,"CALL 09090900040 & Have TO EXTREME Soft Pleasure CHAT GOING ON IN THE OFFICE RIGHT NOW TOTAL Doors NO ONE KNOWS YOUR [ sic ] LISTENING 1,2 PM 24/7MP 0870753331018 +","09090900040 extreme soft pleasure chat go office right total door know sic listen 1,2 pm 24/7mp 0870753331018 +",eerie nokia tone 4u rply tone title 8007 eg tone dracula 8007 title ghost addamsfa munster exorcist twilight www.getzed.co.uk pobox36504w45wq 150p,CountVectorizer,growing_language,MLPClassifier,spam,236.98863577842712,107,0.3504243399814183,0.9697489726859286,11,0.8158359527587891,31.0,0.2621153593063354
94,Todays Vodafone numbers ending with 4882 are selected to a receive a aPS350 award. If your number matches call 09064019014 to receive your aPS350 award.,Ill Vodafone cards ending without 4882 are selected to a treat a aPS350 talent ... If my number matches call 09064019014 to receive your aPS350 officer =),ill vodafone card end 4882 select treat aps350 talent number match 09064019014 receive aps350 officer =),4 costa del sol holiday aps5000 await collection 09050090044 toclaim sae tcs pobox334 stockport sk38xh costaps1.50 pm max10min,CountVectorizer,growing_language,MLPClassifier,spam,155.10275411605835,107,0.3707497680133557,0.954831792906632,9,0.7933477759361267,27.0,0.4034852981567383
95,18 days to Euro2004 kickoff! U will be kept informed of all the latest news and results daily. Unsubscribe send GET EURO STOP to 83222.,18 trips to Euro2004 kickoff ! U may reach kept informed of all the latest job but results daily -_- Unsubscribe send GET Pa STOP to 83222 -,18 trip euro2004 kickoff u reach keep inform late job result daily unsubscribe send pa stop 83222,eerie nokia tone 4u rply tone title 8007 eg tone dracula 8007 title ghost addamsfa munster exorcist twilight www.getzed.co.uk pobox36504w45wq 150p,CountVectorizer,growing_language,MLPClassifier,spam,209.8748886585236,107,0.3447383768898108,0.97157606311911,12,0.8156815767288208,28.0,0.0554917007684707
96,"Urgent! call 09066350750 from your landline. Your complimentary 4* Ibiza Holiday or 10,000 cash await collection SAE T&Cs PO BOX 434 SK3 8WP 150 ppm 18+",SAME ! call 09066350750 in your landline . Your safe 4 = Ibiza Virginia either 2016 cash heed piece Sir T&Cs Food BOX 141 SK3 8WP 150 ppm 3 20,09066350750 landline safe 4 = ibiza virginia 2016 cash heed piece sir t&cs food box 141 sk3 8wp 150 ppm 3 20,eerie nokia tone 4u rply tone title 8007 eg tone dracula 8007 title ghost addamsfa munster exorcist twilight www.getzed.co.uk pobox36504w45wq 150p,CountVectorizer,growing_language,MLPClassifier,spam,242.60735249519348,108,0.3598113404119727,0.9337040937509272,18,0.7559595704078674,30.0,0.2181731760501861
97,SMS. ac Sptv: The New Jersey Devils and the Detroit Red Wings play Ice Hockey. Correct or Incorrect? End? Reply END SPTV,SMS . wen Sptv : That Michigan Jersey Russians and this Kanye Red Wings bother Ice Hockey ... Correct or Incorrect ? Post ? Reply Miss SPTV,sms wen sptv michigan jersey russian kanye red wing bother ice hockey correct incorrect post reply miss sptv,important customer service announcement freephone 0800 542 0825,CountVectorizer,growing_language,MLPClassifier,spam,210.43774366378784,109,0.3747262717979086,0.945223480332843,18,0.6687367558479309,27.0,0.1236085966229438
98,You have WON a guaranteed aPS1000 cash or a aPS2000 prize. To claim yr prize call our customer service representative on 08714712394 between 10am-7pm,You ' Found this rated aPS1000 nothing either every aPS2000 tuition . To demonstrate baby prize bring my customer plan company on 08714712394 between 10am-7pm,find rate aps1000 aps2000 tuition demonstrate baby prize bring customer plan company 08714712394 10am-7pm,eerie nokia tone 4u rply tone title 8007 eg tone dracula 8007 title ghost addamsfa munster exorcist twilight www.getzed.co.uk pobox36504w45wq 150p,CountVectorizer,growing_language,MLPClassifier,spam,198.02161145210263,111,0.3135270446998553,0.9320606436514728,15,0.6405923366546631,25.0,0.0521362237632274
99,"You are guaranteed the latest Nokia Phone, a 40GB iPod MP3 player or a aPS500 prize! Txt word: COLLECT to No: 83355! IBHltd LdnW15H 150p/Mtmsgrcvd18+","YOU involve tested the best Nokia Phone , a 40 PAC Hollywood Program something or an aPS500 trophy ! Mt voice â€” See to No ; 83355 ! IBHltd LdnW15H dun / Mtmsgrcvd18 +",involve test good nokia phone 40 pac hollywood program aps500 trophy mt voice 83355 ibhltd ldnw15h dun mtmsgrcvd18 +,4 costa del sol holiday aps5000 await collection 09050090044 toclaim sae tcs pobox334 stockport sk38xh costaps1.50 pm max10min,CountVectorizer,growing_language,MLPClassifier,spam,152.363055229187,115,0.4183746791722181,0.9246626418726662,26,0.7074224948883057,34.0,0.2905139625072479
